model_name,k_shot,seed,is_bn_backbone,bn_drift_affected,resume_anomaly,resume_anomaly_desc,ft_acc,ft_macro_f1,elapsed_seconds
convnext_tiny,kshot_1,seed_123,False,False,False,,19.115404168784952,0.17415393286206934,42.5063099861145
convnext_tiny,kshot_1,seed_42,False,False,False,,17.310625317742755,0.15809709505573916,46.75501823425293
convnext_tiny,kshot_1,seed_456,False,False,False,,18.988307066598882,0.16972572718154125,43.11038112640381
convnext_tiny,kshot_1,seed_789,False,False,False,,17.28520589730554,0.1611629954550559,45.58532500267029
convnext_tiny,kshot_1,seed_999,False,False,False,,17.996949669547536,0.1733353979842855,44.46962857246399
convnext_tiny,kshot_10,seed_123,False,False,False,,61.63701067615658,0.5907038135008232,172.25709295272827
convnext_tiny,kshot_10,seed_42,False,False,False,,63.13167259786477,0.6082379852371479,172.54997539520264
convnext_tiny,kshot_10,seed_456,False,False,False,,63.77224199288256,0.6103368151691808,171.24112153053284
convnext_tiny,kshot_10,seed_789,False,False,False,,62.63345195729537,0.6044147714913887,171.46417379379272
convnext_tiny,kshot_10,seed_999,False,False,False,,63.20284697508897,0.5999207097906457,171.50759840011597
convnext_tiny,kshot_3,seed_123,False,False,False,,35.64650059311981,0.32285541686666347,73.40008902549744
convnext_tiny,kshot_3,seed_42,False,False,False,,38.13760379596678,0.35179255958025446,74.88201594352722
convnext_tiny,kshot_3,seed_456,False,False,False,,37.66310794780546,0.34394033025786935,70.96570301055908
convnext_tiny,kshot_3,seed_789,False,False,False,,35.705812574139976,0.33155322502007906,71.79954862594604
convnext_tiny,kshot_3,seed_999,False,False,False,,36.59549228944247,0.34215417403238696,71.52985334396362
convnext_tiny,kshot_5,seed_123,False,False,False,,47.93594306049822,0.4500141505660095,100.69291973114014
convnext_tiny,kshot_5,seed_42,False,False,False,,48.86120996441281,0.4572979869431442,103.92995595932007
convnext_tiny,kshot_5,seed_456,False,False,False,,49.7153024911032,0.46998301507331036,101.67461633682251
convnext_tiny,kshot_5,seed_789,False,False,False,,49.28825622775801,0.46146339712273177,100.59939503669739
convnext_tiny,kshot_5,seed_999,False,False,False,,50.0711743772242,0.46921456247365384,100.98323798179626
densenet121,kshot_1,seed_123,True,True,False,,7.473309608540925,0.061622681583496014,32.45925569534302
densenet121,kshot_1,seed_42,True,True,False,,6.93950177935943,0.05593707818757614,32.86163091659546
densenet121,kshot_1,seed_456,True,True,False,,6.227758007117438,0.053256027878782156,33.052793979644775
densenet121,kshot_1,seed_789,True,True,False,,7.244534824605998,0.06622696706941344,32.698336362838745
densenet121,kshot_1,seed_999,True,True,False,,6.253177427554651,0.0525947141846803,32.6922550201416
densenet121,kshot_10,seed_123,True,True,False,,43.77224199288256,0.3960936766586882,125.0585424900055
densenet121,kshot_10,seed_42,True,True,False,,48.54092526690392,0.43921924121314054,125.01136755943298
densenet121,kshot_10,seed_456,True,True,False,,47.11743772241993,0.43168799688711834,124.67890906333923
densenet121,kshot_10,seed_789,True,True,False,,47.046263345195726,0.4254763604344342,144.2469253540039
densenet121,kshot_10,seed_999,True,True,False,,43.629893238434164,0.3851087082574583,124.86041831970215
densenet121,kshot_3,seed_123,True,True,False,,21.441281138790035,0.18195271773698707,54.542359352111816
densenet121,kshot_3,seed_42,True,True,False,,22.182680901542113,0.1908965427221249,54.86892223358154
densenet121,kshot_3,seed_456,True,True,False,,18.772241992882563,0.16315441459959798,54.88615655899048
densenet121,kshot_3,seed_789,True,True,False,,21.204033214709373,0.17908898050354652,55.046738147735596
densenet121,kshot_3,seed_999,True,True,False,,20.284697508896798,0.16843367343349488,54.65733480453491
densenet121,kshot_5,seed_123,True,True,False,,29.39501779359431,0.2557993254742895,75.11689376831055
densenet121,kshot_5,seed_42,True,True,False,,31.032028469750887,0.2729500707057133,75.49030375480652
densenet121,kshot_5,seed_456,True,True,False,,30.177935943060497,0.2682841590561966,75.19903779029846
densenet121,kshot_5,seed_789,True,True,False,,31.85053380782918,0.2683585662199196,75.27597689628601
densenet121,kshot_5,seed_999,True,True,False,,29.750889679715304,0.2608014368287809,75.09387540817261
efficientnet_b0,kshot_1,seed_123,True,True,False,,12.887646161667515,0.1165160217888431,25.41690754890442
efficientnet_b0,kshot_1,seed_42,True,True,False,,12.353838332486019,0.11375814965887687,25.29298710823059
efficientnet_b0,kshot_1,seed_456,True,True,False,,12.73512963904423,0.11826532733008463,25.7232928276062
efficientnet_b0,kshot_1,seed_789,True,True,False,,11.769191662430096,0.10281528945023836,25.822723865509033
efficientnet_b0,kshot_1,seed_999,True,True,False,,13.141840366039654,0.12230850504008726,25.623449325561523
efficientnet_b0,kshot_10,seed_123,True,True,False,,44.128113879003564,0.3944225473776397,76.25778532028198
efficientnet_b0,kshot_10,seed_42,True,True,False,,42.419928825622776,0.38605584491432793,76.65484476089478
efficientnet_b0,kshot_10,seed_456,True,True,False,,45.195729537366546,0.41291430670369467,76.34688830375671
efficientnet_b0,kshot_10,seed_789,True,True,False,,43.70106761565836,0.40514533722276724,76.60714745521545
efficientnet_b0,kshot_10,seed_999,True,True,False,,43.27402135231317,0.3841101339184519,76.25149750709534
efficientnet_b0,kshot_3,seed_123,True,True,False,,25.800711743772244,0.2216607255482925,38.590911626815796
efficientnet_b0,kshot_3,seed_42,True,True,False,,24.080664294187425,0.21410023245933912,38.23765206336975
efficientnet_b0,kshot_3,seed_456,True,True,False,,24.22894424673784,0.2200140814638557,38.400694608688354
efficientnet_b0,kshot_3,seed_789,True,True,False,,24.91103202846975,0.2246078151625226,38.069480180740356
efficientnet_b0,kshot_3,seed_999,True,True,False,,23.309608540925268,0.20888684595954918,38.005210399627686
efficientnet_b0,kshot_5,seed_123,True,True,False,,33.16725978647687,0.29218440990921907,50.02416276931763
efficientnet_b0,kshot_5,seed_42,True,True,False,,30.782918149466195,0.2709921369891132,51.097673177719116
efficientnet_b0,kshot_5,seed_456,True,True,False,,31.423487544483987,0.2871028133623504,69.97429847717285
efficientnet_b0,kshot_5,seed_789,True,True,False,,31.743772241992886,0.28437655823967256,50.30310559272766
efficientnet_b0,kshot_5,seed_999,True,True,False,,31.316725978647685,0.284568099106721,51.06309461593628
efficientnet_b3,kshot_1,seed_123,True,True,False,,10.498220640569395,0.09650494490668432,33.90403890609741
efficientnet_b3,kshot_1,seed_42,True,True,False,,10.167768174885612,0.09346775768313738,35.94163799285889
efficientnet_b3,kshot_1,seed_456,True,True,False,,8.94763599389934,0.08182878812766507,34.10638189315796
efficientnet_b3,kshot_1,seed_789,True,True,False,,10.345704117946111,0.0819948710358824,35.83841562271118
efficientnet_b3,kshot_1,seed_999,True,True,False,,10.77783426537875,0.09888572003808305,34.00744843482971
efficientnet_b3,kshot_10,seed_123,True,True,False,,42.49110320284697,0.3820955740638704,127.74723625183105
efficientnet_b3,kshot_10,seed_42,True,True,False,,43.629893238434164,0.39130236897552867,128.76421976089478
efficientnet_b3,kshot_10,seed_456,True,True,False,,45.480427046263344,0.4118558631326822,128.16863584518433
efficientnet_b3,kshot_10,seed_789,True,True,False,,45.12455516014235,0.40982124029096817,128.76438307762146
efficientnet_b3,kshot_10,seed_999,True,True,False,,44.83985765124555,0.40111630005294174,127.73582911491394
efficientnet_b3,kshot_3,seed_123,True,True,False,,25.088967971530252,0.22901116228696994,55.88328528404236
efficientnet_b3,kshot_3,seed_42,True,True,False,,22.805456702253853,0.20138335710174346,56.2626633644104
efficientnet_b3,kshot_3,seed_456,True,True,False,,22.805456702253853,0.2052484322118333,57.281083822250366
efficientnet_b3,kshot_3,seed_789,True,True,False,,24.52550415183867,0.21037922209379809,56.3021240234375
efficientnet_b3,kshot_3,seed_999,True,True,False,,23.754448398576514,0.2117000079229784,56.82149910926819
efficientnet_b3,kshot_5,seed_123,True,True,False,,32.81138790035587,0.30398157453367797,78.34101867675781
efficientnet_b3,kshot_5,seed_42,True,True,False,,32.27758007117438,0.28590065016036154,98.35602378845215
efficientnet_b3,kshot_5,seed_456,True,True,False,,32.31316725978648,0.2891532390445712,78.55501365661621
efficientnet_b3,kshot_5,seed_789,True,True,False,,32.84697508896797,0.29213562392346437,97.9776508808136
efficientnet_b3,kshot_5,seed_999,True,True,False,,32.562277580071175,0.2840474359858397,77.92466187477112
mobilenet_v3_large,kshot_1,seed_123,True,True,False,,7.473309608540925,0.05651234712227799,21.370228052139282
mobilenet_v3_large,kshot_1,seed_42,True,True,False,,6.075241484494153,0.052161125975601824,21.543817281723022
mobilenet_v3_large,kshot_1,seed_456,True,True,False,,7.930859176410777,0.061907690633131084,21.247841835021973
mobilenet_v3_large,kshot_1,seed_789,True,True,False,,6.532791052364006,0.053456256435088,21.387627601623535
mobilenet_v3_large,kshot_1,seed_999,True,True,False,,7.193695983731571,0.05422001672652245,21.27079129219055
mobilenet_v3_large,kshot_10,seed_123,True,True,False,,47.11743772241993,0.42420841827828204,55.155484676361084
mobilenet_v3_large,kshot_10,seed_42,True,True,False,,47.97153024911032,0.4431880611392565,55.43702697753906
mobilenet_v3_large,kshot_10,seed_456,True,True,False,,45.26690391459074,0.40840793288514277,55.6627037525177
mobilenet_v3_large,kshot_10,seed_789,True,True,False,,46.903914590747334,0.4324228397310726,55.453131914138794
mobilenet_v3_large,kshot_10,seed_999,True,True,False,,45.83629893238434,0.4222101252426936,55.4866304397583
mobilenet_v3_large,kshot_3,seed_123,True,True,False,,21.322657176749704,0.18630679707106854,29.9918475151062
mobilenet_v3_large,kshot_3,seed_42,True,True,False,,23.04270462633452,0.20158804820907775,29.82648205757141
mobilenet_v3_large,kshot_3,seed_456,True,True,False,,22.212336892052196,0.1951246116930406,30.15760898590088
mobilenet_v3_large,kshot_3,seed_789,True,True,False,,23.576512455516013,0.20445799039005025,29.85627293586731
mobilenet_v3_large,kshot_3,seed_999,True,True,False,,22.805456702253853,0.19439471089258434,30.004650354385376
mobilenet_v3_large,kshot_5,seed_123,True,True,False,,33.060498220640575,0.29859690962494684,37.33853316307068
mobilenet_v3_large,kshot_5,seed_42,True,True,False,,32.59786476868328,0.293344118201259,58.008054971694946
mobilenet_v3_large,kshot_5,seed_456,True,True,False,,32.77580071174378,0.29650573260637664,37.73241639137268
mobilenet_v3_large,kshot_5,seed_789,True,True,False,,33.594306049822066,0.3033484501625956,38.36423206329346
mobilenet_v3_large,kshot_5,seed_999,True,True,False,,32.24199288256228,0.2896439287173365,38.22211813926697
resnet101,kshot_1,seed_123,True,True,False,,10.930350788002034,0.1009636816678036,50.93189525604248
resnet101,kshot_1,seed_42,True,True,False,,10.167768174885612,0.09174531361087554,54.33310103416443
resnet101,kshot_1,seed_456,True,True,False,,11.006609049313676,0.0994225948537099,47.71119165420532
resnet101,kshot_1,seed_789,True,True,False,,12.17590238942552,0.10863898644946836,44.89580702781677
resnet101,kshot_1,seed_999,True,True,False,,9.735638027452973,0.08871145390465476,47.60480523109436
resnet101,kshot_10,seed_123,True,True,False,,51.387900355871885,0.4877345555174075,169.10033202171326
resnet101,kshot_10,seed_42,True,True,False,,54.51957295373665,0.5150924967362989,187.27284479141235
resnet101,kshot_10,seed_456,True,True,False,,55.729537366548044,0.5322548229082279,168.644455909729
resnet101,kshot_10,seed_789,True,True,False,,52.59786476868328,0.49697210896543226,169.1807107925415
resnet101,kshot_10,seed_999,True,True,False,,51.74377224199288,0.49366104911178343,169.23812413215637
resnet101,kshot_3,seed_123,True,True,False,,25.94899169632266,0.23836220516602163,74.84880328178406
resnet101,kshot_3,seed_42,True,True,False,,26.156583629893237,0.23886856800654244,77.1343629360199
resnet101,kshot_3,seed_456,True,True,False,,26.097271648873072,0.2404084570620809,77.46489334106445
resnet101,kshot_3,seed_789,True,True,False,,26.690391459074732,0.2396274799582649,77.79577922821045
resnet101,kshot_3,seed_999,True,True,False,,24.58481613285884,0.22444471606154928,78.90314316749573
resnet101,kshot_5,seed_123,True,True,False,,37.22419928825623,0.34116681957609135,104.70227193832397
resnet101,kshot_5,seed_42,True,True,False,,38.967971530249116,0.3615901349461052,104.92706227302551
resnet101,kshot_5,seed_456,True,True,False,,37.25978647686833,0.35019011677003153,102.28699231147766
resnet101,kshot_5,seed_789,True,True,False,,36.93950177935943,0.3376944892625508,101.96831774711609
resnet101,kshot_5,seed_999,True,True,False,,37.61565836298932,0.34828746132192423,101.95263743400574
resnet18,kshot_1,seed_123,True,True,False,,7.5495678698525674,0.05833249652292355,22.364668130874634
resnet18,kshot_1,seed_42,True,True,False,,6.126080325368582,0.04900279942694258,21.86131262779236
resnet18,kshot_1,seed_456,True,True,False,,7.447890188103711,0.057915065111810916,22.1924467086792
resnet18,kshot_1,seed_789,True,True,False,,8.13421453990849,0.072467856095464,24.371257066726685
resnet18,kshot_1,seed_999,True,True,False,,7.727503812913065,0.05890752105136472,22.04502582550049
resnet18,kshot_10,seed_123,True,True,False,,41.779359430604984,0.3681394184406419,55.073580741882324
resnet18,kshot_10,seed_42,True,True,False,,40.711743772241995,0.360281983493247,55.60394096374512
resnet18,kshot_10,seed_456,True,True,False,,43.77224199288256,0.393113999366152,55.760793924331665
resnet18,kshot_10,seed_789,True,True,False,,42.84697508896797,0.3766213365886571,54.578909158706665
resnet18,kshot_10,seed_999,True,True,False,,43.41637010676156,0.3884143739996704,55.55900549888611
resnet18,kshot_3,seed_123,True,True,False,,19.276393831553975,0.15514978419014558,30.082014799118042
resnet18,kshot_3,seed_42,True,True,False,,17.88256227758007,0.14288279961555803,30.616727828979492
resnet18,kshot_3,seed_456,True,True,False,,19.958481613285883,0.16861020420520098,30.615590810775757
resnet18,kshot_3,seed_789,True,True,False,,19.06880189798339,0.15053406645178843,32.21527433395386
resnet18,kshot_3,seed_999,True,True,False,,19.988137603795966,0.16220771122752808,30.44847321510315
resnet18,kshot_5,seed_123,True,True,False,,27.971530249110323,0.23257856226556894,37.93363976478577
resnet18,kshot_5,seed_42,True,True,False,,25.444839857651246,0.21057429365353286,37.3941867351532
resnet18,kshot_5,seed_456,True,True,False,,29.857651245551605,0.25517657095310115,38.1471152305603
resnet18,kshot_5,seed_789,True,True,False,,29.501779359430607,0.24757422954421077,38.115328311920166
resnet18,kshot_5,seed_999,True,True,False,,27.651245551601424,0.23052474989176963,39.33708381652832
resnet50,kshot_1,seed_123,True,True,False,,8.94763599389934,0.08078985954693815,34.05591654777527
resnet50,kshot_1,seed_42,True,True,False,,9.659379766141333,0.07827900960873113,36.83821129798889
resnet50,kshot_1,seed_456,True,True,False,,9.023894255210982,0.07767373072858438,37.96318554878235
resnet50,kshot_1,seed_789,True,True,False,,10.396542958820538,0.09271472300478698,37.52102184295654
resnet50,kshot_1,seed_999,True,True,False,,8.337569903406203,0.0767762022805435,37.47612929344177
resnet50,kshot_10,seed_123,True,True,False,,43.41637010676156,0.3905291817706332,118.00676679611206
resnet50,kshot_10,seed_42,True,True,False,,47.686832740213525,0.43583360008081057,117.85598516464233
resnet50,kshot_10,seed_456,True,True,False,,48.39857651245551,0.44281688963541704,118.19119167327881
resnet50,kshot_10,seed_789,True,True,False,,47.25978647686833,0.43626314940064936,118.4971489906311
resnet50,kshot_10,seed_999,True,True,False,,45.693950177935946,0.4210743434237494,117.58379554748535
resnet50,kshot_3,seed_123,True,True,False,,21.678529062870698,0.19666578985796587,56.336426973342896
resnet50,kshot_3,seed_42,True,True,False,,20.640569395017792,0.18402964382458592,53.50883889198303
resnet50,kshot_3,seed_456,True,True,False,,21.70818505338078,0.18855112120887302,55.537357568740845
resnet50,kshot_3,seed_789,True,True,False,,22.716488730723604,0.20259823936833898,55.44374394416809
resnet50,kshot_3,seed_999,True,True,False,,19.958481613285883,0.1682636761441915,55.72043180465698
resnet50,kshot_5,seed_123,True,True,False,,33.16725978647687,0.29501869346015536,74.40981078147888
resnet50,kshot_5,seed_42,True,True,False,,32.704626334519574,0.2982716073286579,73.59327435493469
resnet50,kshot_5,seed_456,True,True,False,,32.34875444839857,0.2960526618001294,75.19611287117004
resnet50,kshot_5,seed_789,True,True,False,,32.84697508896797,0.2889694671554618,73.89564752578735
resnet50,kshot_5,seed_999,True,True,False,,30.533807829181498,0.2679800495734294,75.61448884010315
swin_t,kshot_1,seed_123,False,False,False,,17.28520589730554,0.16614990612521613,45.696317195892334
swin_t,kshot_1,seed_42,False,False,False,,18.429079816980174,0.17423429440473076,42.294761657714844
swin_t,kshot_1,seed_456,False,False,False,,17.641077783426535,0.16125205947584362,43.1873574256897
swin_t,kshot_1,seed_789,False,False,False,,17.132689374682258,0.15506482653855272,45.35123038291931
swin_t,kshot_1,seed_999,False,False,False,,18.251143873919677,0.16411674360173636,42.73665976524353
swin_t,kshot_10,seed_123,False,False,False,,62.77580071174377,0.6065068672260288,160.88815999031067
swin_t,kshot_10,seed_42,False,False,False,,63.41637010676157,0.6118507945626375,161.48816800117493
swin_t,kshot_10,seed_456,False,False,False,,63.70106761565836,0.6088362918012665,160.77831888198853
swin_t,kshot_10,seed_789,False,False,False,,62.064056939501775,0.6016953306234181,160.9794635772705
swin_t,kshot_10,seed_999,False,False,False,,60.213523131672595,0.5821915490128189,161.15749168395996
swin_t,kshot_3,seed_123,False,False,False,,38.226571767497035,0.3595197084608288,71.69635915756226
swin_t,kshot_3,seed_42,False,False,False,,38.997627520759195,0.3586573753352872,70.37215948104858
swin_t,kshot_3,seed_456,False,False,False,,37.72241992882562,0.35239190666893894,69.85499787330627
swin_t,kshot_3,seed_789,False,False,False,,37.90035587188612,0.350927464210771,71.2040946483612
swin_t,kshot_3,seed_999,False,False,False,,38.4638196915777,0.35554388056627734,72.63810324668884
swin_t,kshot_5,seed_123,False,False,False,,49.039145907473305,0.46905366723852904,96.97135972976685
swin_t,kshot_5,seed_42,False,False,False,,48.14946619217082,0.45646236680341107,97.66231179237366
swin_t,kshot_5,seed_456,False,False,False,,50.0,0.4763912119831718,97.01971244812012
swin_t,kshot_5,seed_789,False,False,False,,50.88967971530249,0.48606319043639457,96.65669250488281
swin_t,kshot_5,seed_999,False,False,False,,49.644128113879006,0.46878919920612705,96.14933919906616
vit_b_16,kshot_1,seed_123,False,False,False,,22.114895780376205,0.2059950098546291,70.12048268318176
vit_b_16,kshot_1,seed_42,False,False,False,,21.733604473817998,0.20690992396084226,67.32500720024109
vit_b_16,kshot_1,seed_456,False,False,False,,24.758515505846468,0.22875392343546475,74.79576754570007
vit_b_16,kshot_1,seed_789,False,False,False,,22.394509405185563,0.2152149870464566,67.96275758743286
vit_b_16,kshot_1,seed_999,False,False,False,,21.479410269445857,0.19854498084489755,74.01333951950073
vit_b_16,kshot_10,seed_123,False,False,False,,67.25978647686833,0.6539724758321543,288.60974287986755
vit_b_16,kshot_10,seed_42,False,False,False,,69.5373665480427,0.6719950815355882,289.3594560623169
vit_b_16,kshot_10,seed_456,False,False,False,,68.9679715302491,0.6699978451757812,288.1532258987427
vit_b_16,kshot_10,seed_789,False,False,False,,67.97153024911033,0.6601091567702412,291.36636424064636
vit_b_16,kshot_10,seed_999,False,False,False,,68.25622775800711,0.6621677452332565,289.3373951911926
vit_b_16,kshot_3,seed_123,False,False,False,,43.29774614472123,0.40363890895695304,123.70440363883972
vit_b_16,kshot_3,seed_42,False,False,False,,44.00948991696323,0.4094390348464955,124.92535519599915
vit_b_16,kshot_3,seed_456,False,False,False,,43.14946619217082,0.40390266796936847,120.0168137550354
vit_b_16,kshot_3,seed_789,False,False,False,,42.022538552787665,0.3951103479335079,123.74784708023071
vit_b_16,kshot_3,seed_999,False,False,False,,40.71767497034401,0.37930541022307857,121.4833254814148
vit_b_16,kshot_5,seed_123,False,False,False,,55.195729537366546,0.525517805391713,168.9584608078003
vit_b_16,kshot_5,seed_42,False,False,False,,54.768683274021356,0.5175255108943903,172.81369757652283
vit_b_16,kshot_5,seed_456,False,False,False,,54.555160142348754,0.5222267617591332,170.8035593032837
vit_b_16,kshot_5,seed_789,False,False,False,,54.021352313167256,0.5121386788333756,172.83943510055542
vit_b_16,kshot_5,seed_999,False,False,False,,55.30249110320285,0.5279273774359315,172.22445392608643
