tag,res,feat,k_shot,clf,acc_diff,paired_t,p_ttest,p_wilcoxon
official,224,cls,1,ptmap,2.51652262328419,6.20448865719415,0.003432611302700376,0.0625
official,224,cls,1,lp,0.3304524656837827,0.9692320587809511,0.38731443421116707,0.4375
official,224,cls,1,labelprop,-8.332486019318756,-27.115923358347008,1.0998315477418068e-05,0.0625
official,224,cls,3,knn,-0.18979833926453155,-0.619116515058088,0.5693589479648169,0.4375
official,224,cls,3,ptmap,1.8030842230130475,5.088979870978511,0.007036463337169992,0.0625
official,224,cls,3,lp,-4.905100830367734,-13.470770613369332,0.00017570827128328927,0.0625
official,224,cls,3,labelprop,-22.06405693950178,-29.072704919285805,8.332815136183533e-06,0.0625
official,224,cls,5,knn,2.4697508896797116,9.327417785397701,0.0007354249611717854,0.0625
official,224,cls,5,ptmap,0.9822064056939539,5.971844049229324,0.003950025705805446,0.0625
official,224,cls,5,lp,-5.558718861209959,-11.345681595772007,0.00034408436261063085,0.0625
official,224,cls,5,labelprop,-26.875444839857646,-79.45512919818285,1.5038517338976536e-07,0.0625
official,224,cls,10,knn,10.946619217081853,24.8064516129032,1.5674807447415563e-05,0.0625
official,224,cls,10,ptmap,0.7544483985765126,1.914343156151549,0.128103294112221,0.1875
official,224,cls,10,lp,-4.028469750889677,-4.262028859326504,0.013032531267290298,0.0625
official,224,cls,10,labelprop,-29.864768683274026,-68.284083809442,2.755831197664293e-07,0.0625
official,224_fliptta,cls,1,ptmap,2.297915607524149,5.856563570806138,0.0042418264874055246,0.0625
official,224_fliptta,cls,1,lp,0.035587188612102236,0.1191068868377683,0.9109328716548024,0.625
official,224_fliptta,cls,1,labelprop,-9.532282663955261,-43.7706743677191,1.628953146770556e-06,0.0625
official,224_fliptta,cls,3,knn,0.2728351126927649,1.675776914771853,0.16909073483254622,0.3125
official,224_fliptta,cls,3,ptmap,1.933570581257412,8.89403357714075,0.0008831074300750838,0.0625
official,224_fliptta,cls,3,lp,-4.940688018979836,-18.021608581043846,5.573327256620197e-05,0.0625
official,224_fliptta,cls,3,labelprop,-22.508896797153028,-39.231224376381604,2.5219993143855097e-06,0.0625
official,224_fliptta,cls,5,knn,3.153024911032027,6.8222506895109465,0.0024135709650490453,0.0625
official,224_fliptta,cls,5,ptmap,1.0462633451957288,3.26949337671613,0.03080386354932707,0.0625
official,224_fliptta,cls,5,lp,-5.722419928825621,-9.071003016371154,0.0008187238906004617,0.0625
official,224_fliptta,cls,5,labelprop,-27.288256227758012,-54.52991733252978,6.770781896014692e-07,0.0625
official,224_fliptta,cls,10,knn,11.117437722419933,32.05831354836511,5.6438653082549995e-06,0.0625
official,224_fliptta,cls,10,ptmap,0.6263345195729514,1.8061021717388757,0.14520394688510618,0.1875
official,224_fliptta,cls,10,lp,-4.412811387900352,-5.90878285306904,0.004106481175406902,0.0625
official,224_fliptta,cls,10,labelprop,-30.476868327402126,-57.71749185714053,5.395762578767889e-07,0.0625
official,336,cls,1,ptmap,3.0096593797661413,11.830539351265962,0.0002922300119400774,0.0625
official,336,cls,1,lp,0.5033045246568364,1.3517956734787304,0.2478247067273425,0.1875
official,336,cls,1,labelprop,-8.713777325876972,-23.68139836293808,1.8852837389036467e-05,0.0625
official,336,cls,3,knn,0.2728351126927677,0.6272306109287583,0.5645317080939816,0.625
official,336,cls,3,ptmap,1.7200474495848184,4.482809325681654,0.010966164169648226,0.0625
official,336,cls,3,lp,-4.792408066429415,-9.694565310493239,0.0006336407480175004,0.0625
official,336,cls,3,labelprop,-21.897983392645315,-19.89826710536977,3.7636822170695095e-05,0.0625
official,336,cls,5,knn,3.5516014234875497,6.86498653494069,0.0023579021837619387,0.0625
official,336,cls,5,ptmap,1.0320284697508952,3.248395028854724,0.031423374862940626,0.125
official,336,cls,5,lp,-5.473309608540918,-9.59303390010965,0.000659937681519219,0.0625
official,336,cls,5,labelprop,-26.41992882562277,-29.205720741936197,8.182627605779916e-06,0.0625
official,336,cls,10,knn,11.288256227758009,37.32022986306656,3.0782090118500905e-06,0.0625
official,336,cls,10,ptmap,0.9252669039145985,10.277402395547417,0.0005054662120782385,0.0625
official,336,cls,10,lp,-3.5444839857651247,-5.259911279353156,0.006254872987911914,0.0625
official,336,cls,10,labelprop,-30.220640569395016,-57.536199465989185,5.464022368209064e-07,0.0625
official,448,cls,1,ptmap,2.9689883070665957,6.141077464181338,0.0035649339540622326,0.0625
official,448,cls,1,lp,0.3965429588205353,0.6519497096560671,0.5499981945031798,0.625
official,448,cls,1,labelprop,-9.537366548042707,-33.18405455706187,4.918229124650384e-06,0.0625
official,448,cls,3,knn,0.2431791221826785,1.0368953191051717,0.35835160212757544,0.4375
official,448,cls,3,ptmap,2.2419928825622777,4.675404247793707,0.009480081744739018,0.0625
official,448,cls,3,lp,-4.721233689205219,-9.802911062106753,0.0006069978829055811,0.0625
official,448,cls,3,labelprop,-21.88612099644128,-24.475222483526576,1.65358604630569e-05,0.0625
official,448,cls,5,knn,2.9750889679715327,4.355230085089348,0.01210731226055594,0.0625
official,448,cls,5,ptmap,1.0462633451957317,3.744083883388765,0.020049795144146013,0.0625
official,448,cls,5,lp,-6.156583629893238,-13.335338530146403,0.0001828213295571213,0.0625
official,448,cls,5,labelprop,-27.530249110320284,-58.703847029898085,5.042493074245066e-07,0.0625
official,448,cls,10,knn,11.14590747330961,40.76135185292636,2.1647928698326167e-06,0.0625
official,448,cls,10,ptmap,0.38434163701068086,1.217873002013596,0.290197810317782,0.3125
official,448,cls,10,lp,-4.839857651245549,-10.298303057861553,0.0005014991143460233,0.0625
official,448,cls,10,labelprop,-31.81494661921708,-75.23504246513629,1.8705065504663493e-07,0.0625
official,448_fliptta,cls,1,ptmap,3.3299440772750346,9.587362240445074,0.0006614462372406903,0.0625
official,448_fliptta,cls,1,lp,0.43721403152008237,0.9817517916658874,0.3818070318373491,0.625
official,448_fliptta,cls,1,labelprop,-9.761057447890186,-17.06582393073715,6.914580790321811e-05,0.0625
official,448_fliptta,cls,3,knn,0.33807829181494353,1.1043525680662736,0.3314015006817452,0.4652088184521418
official,448_fliptta,cls,3,ptmap,1.9632265717674968,6.0196744845231835,0.0038362171953553433,0.0625
official,448_fliptta,cls,3,lp,-4.999999999999996,-12.974605979822062,0.00020359556410227625,0.0625
official,448_fliptta,cls,3,labelprop,-22.408066429418742,-20.461567395660794,3.369083314441318e-05,0.0625
official,448_fliptta,cls,5,knn,3.2669039145907464,5.821798671230362,0.0043349732698843785,0.0625
official,448_fliptta,cls,5,ptmap,1.017793594306046,3.7027501535069707,0.02078535410545715,0.0625
official,448_fliptta,cls,5,lp,-5.97864768683274,-15.472210991875007,0.00010184577382934259,0.0625
official,448_fliptta,cls,5,labelprop,-27.508896797153028,-41.94031813835064,1.931880061107346e-06,0.0625
official,448_fliptta,cls,10,knn,11.14590747330961,129.6030821551291,2.1257763959210267e-08,0.0625
official,448_fliptta,cls,10,ptmap,0.3416370106761633,0.9497969943425107,0.39599882163352174,0.625
official,448_fliptta,cls,10,lp,-5.024911032028466,-9.880167238522995,0.0005888459910446858,0.0625
official,448_fliptta,cls,10,labelprop,-31.971530249110316,-56.71102416105921,5.788707231072753e-07,0.0625
splus-official,224,cls,1,ptmap,2.943568886629386,16.974436655899236,7.062972062027815e-05,0.0625
splus-official,224,cls,1,lp,0.20335536349771388,0.5430753866417092,0.6159243114498463,0.8125
splus-official,224,cls,1,labelprop,-9.674631418403658,-12.418692401338099,0.00024171514789234346,0.0625
splus-official,224,cls,3,knn,0.23131672597864253,2.229481606852607,0.08966251702034596,0.125
splus-official,224,cls,3,ptmap,2.562277580071175,11.378274934218727,0.0003402566124104121,0.0625
splus-official,224,cls,3,lp,-4.306049822064059,-18.70786101469159,4.80647876160603e-05,0.0625
splus-official,224,cls,3,labelprop,-22.06405693950178,-39.40978702215108,2.4766978566381997e-06,0.0625
splus-official,224,cls,5,knn,2.419928825622783,5.043267140886502,0.0072653642443972705,0.0625
splus-official,224,cls,5,ptmap,0.7117437722420007,1.9851666679418767,0.1181015096036776,0.06788915486182899
splus-official,224,cls,5,lp,-6.192170818505332,-11.350508471129862,0.000343514130327359,0.0625
splus-official,224,cls,5,labelprop,-28.291814946619212,-107.29536374870612,4.524556027946345e-08,0.0625
splus-official,224,cls,10,knn,9.907473309608541,18.13151816966111,5.4407476039609576e-05,0.0625
splus-official,224,cls,10,ptmap,0.8113879003558708,3.282700017209191,0.030423416648821016,0.0625
splus-official,224,cls,10,lp,-4.256227758007114,-10.01687689208348,0.0005583463229208979,0.0625
splus-official,224,cls,10,labelprop,-32.59786476868327,-39.69871507949832,2.405528733199755e-06,0.0625
splus-official,224_fliptta,cls,1,ptmap,2.7859684799186555,7.7720723827043345,0.0014775107699843758,0.0625
splus-official,224_fliptta,cls,1,lp,0.23385866802236704,0.5002364625339054,0.6431775680662871,1.0
splus-official,224_fliptta,cls,1,labelprop,-10.498220640569397,-25.647721741779904,1.3726739889857124e-05,0.0625
splus-official,224_fliptta,cls,3,knn,0.19572953736655735,3.4979930040210725,0.02494146300092432,0.06788915486182899
splus-official,224_fliptta,cls,3,ptmap,2.1886120996441307,11.058118904837102,0.0003802877929622086,0.0625
splus-official,224_fliptta,cls,3,lp,-4.495848161328581,-26.208141988993173,1.2595134596693285e-05,0.0625
splus-official,224_fliptta,cls,3,labelprop,-23.096085409252666,-56.55369294409387,5.853325275091904e-07,0.0625
splus-official,224_fliptta,cls,5,knn,2.4483985765124516,4.664647991481757,0.009556366960287544,0.0625
splus-official,224_fliptta,cls,5,ptmap,0.5480427046263359,1.2857463721297784,0.2679173137801012,0.3125
splus-official,224_fliptta,cls,5,lp,-6.362989323843415,-11.559807913780912,0.0003198798940064505,0.0625
splus-official,224_fliptta,cls,5,labelprop,-28.740213523131672,-46.47523580059485,1.2821108725541817e-06,0.0625
splus-official,224_fliptta,cls,10,knn,10.049822064056935,16.192490190167,8.510089858861775e-05,0.0625
splus-official,224_fliptta,cls,10,ptmap,0.5836298932384267,2.6140645235596556,0.05916683414551332,0.06788915486182899
splus-official,224_fliptta,cls,10,lp,-4.967971530249112,-13.54892888760979,0.00017175994467082188,0.0625
splus-official,224_fliptta,cls,10,labelprop,-32.76868327402135,-51.519384042622576,8.495297116994242e-07,0.0625
splus-official,448,cls,1,ptmap,3.1570920183019857,6.845911230600508,0.002382552406376173,0.0625
splus-official,448,cls,1,lp,0.4982206405693965,0.9794369855534515,0.38282019433543146,0.4375
splus-official,448,cls,1,labelprop,-9.456024402643619,-31.41730535240537,6.117132783309095e-06,0.0625
splus-official,448,cls,3,knn,0.11269276393831547,0.40591248750506864,0.7055827911756828,1.0
splus-official,448,cls,3,ptmap,2.1648873072360644,6.6091094611039,0.0027166958511778,0.0625
splus-official,448,cls,3,lp,-4.816132858837486,-10.6561129224513,0.0004392171909383878,0.0625
splus-official,448,cls,3,labelprop,-22.841043890865954,-55.988269523573855,6.093123829134506e-07,0.0625
splus-official,448,cls,5,knn,3.010676156583628,7.367392834155025,0.0018086390198357835,0.0625
splus-official,448,cls,5,ptmap,1.202846975088964,3.6084266799572404,0.022588172930351504,0.125
splus-official,448,cls,5,lp,-5.58718861209964,-15.072482327151798,0.00011292078729962985,0.0625
splus-official,448,cls,5,labelprop,-26.932384341637015,-52.1447632919839,8.095513288754767e-07,0.0625
splus-official,448,cls,10,knn,10.263345195729535,20.870077079446784,3.114847722940213e-05,0.0625
splus-official,448,cls,10,ptmap,0.9395017793594264,6.127946159842717,0.0035931143301444544,0.0625
splus-official,448,cls,10,lp,-4.925266903914597,-5.697065398501717,0.0046905063123874645,0.0625
splus-official,448,cls,10,labelprop,-31.64412811387901,-93.19300795181553,7.948490070205031e-08,0.0625
splus-official,448_fliptta,cls,1,ptmap,2.974072191154042,11.232359441253267,0.00035781662058642676,0.0625
splus-official,448_fliptta,cls,1,lp,0.4575495678698516,1.164810679723528,0.3088263836897399,0.3125
splus-official,448_fliptta,cls,1,labelprop,-9.56786985256736,-38.6666982042831,2.6721994330463195e-06,0.0625
splus-official,448_fliptta,cls,3,knn,0.46263345195729644,1.51764185408623,0.20370995826098498,0.3125
splus-official,448_fliptta,cls,3,ptmap,2.0996441281138813,5.4056827585462495,0.005670716979043482,0.0625
splus-official,448_fliptta,cls,3,lp,-4.543297746144721,-9.159704855310093,0.0007886441852344222,0.0625
splus-official,448_fliptta,cls,3,labelprop,-23.072360616844602,-37.854511159854034,2.9084585855933735e-06,0.0625
splus-official,448_fliptta,cls,5,knn,3.4021352313167315,10.671078496202535,0.0004368279979243847,0.0625
splus-official,448_fliptta,cls,5,ptmap,1.2028469750889728,3.172066295001395,0.03379084503781638,0.125
splus-official,448_fliptta,cls,5,lp,-6.007117437722416,-14.4617258642797,0.00013290837138297786,0.0625
splus-official,448_fliptta,cls,5,labelprop,-27.679715302491104,-32.62312975099945,5.264209776399919e-06,0.0625
splus-official,448_fliptta,cls,10,knn,10.903914590747332,27.99837766079695,9.681337791096392e-06,0.0625
splus-official,448_fliptta,cls,10,ptmap,1.2669039145907504,14.343648759651417,0.00013726807946030017,0.0625
splus-official,448_fliptta,cls,10,lp,-4.81138790035587,-6.349167394667165,0.0031526093344970427,0.0625
splus-official,448_fliptta,cls,10,labelprop,-32.48398576512456,-52.679464998301846,7.772187062164878e-07,0.0625
splus-tapt-gram,224,cls,1,ptmap,0.17793594306049912,1.2998673672393686,0.26349281706900596,0.27332167829229814
splus-tapt-gram,224,cls,1,lp,0.055922724961870784,0.4061557687892557,0.7054178542277245,1.0
splus-tapt-gram,224,cls,1,labelprop,-6.263345195729538,-22.812859063680587,2.187204811520258e-05,0.0625
splus-tapt-gram,224,cls,3,knn,1.4116251482799513,9.067077881337497,0.0008200875305451481,0.0625
splus-tapt-gram,224,cls,3,ptmap,1.1150652431791201,3.563060804820826,0.023521431088643786,0.0625
splus-tapt-gram,224,cls,3,lp,-2.2538552787663106,-6.92628485747663,0.0022807890178627357,0.0625
splus-tapt-gram,224,cls,3,labelprop,-19.57888493475682,-39.75810115780051,2.3912186164045762e-06,0.0625
splus-tapt-gram,224,cls,5,knn,5.87900355871886,10.983110345948788,0.000390500354407848,0.0625
splus-tapt-gram,224,cls,5,ptmap,1.943060498220636,7.318482550961197,0.0018546206521620427,0.0625
splus-tapt-gram,224,cls,5,lp,-2.889679715302492,-8.774405478395602,0.0009302077835252189,0.0625
splus-tapt-gram,224,cls,5,labelprop,-24.38434163701068,-24.645887564672805,1.6085028144952022e-05,0.0625
splus-tapt-gram,224,cls,10,knn,13.081850533807833,37.25505596212636,3.0997538305145585e-06,0.0625
splus-tapt-gram,224,cls,10,ptmap,2.8042704626334567,11.489273317340393,0.0003276120021450469,0.0625
splus-tapt-gram,224,cls,10,lp,-0.5124555160142364,-1.7545326437828814,0.1541978449403823,0.06788915486182899
splus-tapt-gram,224,cls,10,labelprop,-31.160142348754448,-60.45669693610563,4.4831354286837697e-07,0.0625
splus-tapt-gram,224_fliptta,cls,1,ptmap,-0.142348754448399,-0.6964183034992789,0.524515233895629,0.4375
splus-tapt-gram,224_fliptta,cls,1,lp,0.010167768174888181,0.20908334939577616,0.8445994538187476,1.0
splus-tapt-gram,224_fliptta,cls,1,labelprop,-7.803762074224707,-14.24597802013664,0.00014100969845760235,0.0625
splus-tapt-gram,224_fliptta,cls,3,knn,2.2241992882562287,19.973386548424124,3.7078445673516144e-05,0.0625
splus-tapt-gram,224_fliptta,cls,3,ptmap,1.6844602609727162,9.34544293951797,0.0007299739773014802,0.0625
splus-tapt-gram,224_fliptta,cls,3,lp,-3.0545670225385564,-18.711814802453667,4.802455868594324e-05,0.0625
splus-tapt-gram,224_fliptta,cls,3,labelprop,-20.320284697508896,-47.93366758559093,1.1332599524480555e-06,0.0625
splus-tapt-gram,224_fliptta,cls,5,knn,6.982206405693949,24.889339895321324,1.5468150076169995e-05,0.0625
splus-tapt-gram,224_fliptta,cls,5,ptmap,2.1494661921708174,9.335494482801334,0.0007329762662839854,0.0625
splus-tapt-gram,224_fliptta,cls,5,lp,-3.330960854092524,-14.347460543948205,0.00013712457940094584,0.0625
splus-tapt-gram,224_fliptta,cls,5,labelprop,-24.31316725978648,-51.981810304413436,8.197377100801104e-07,0.0625
splus-tapt-gram,224_fliptta,cls,10,knn,15.459074733096088,36.23020442744935,3.4646997202971484e-06,0.0625
splus-tapt-gram,224_fliptta,cls,10,ptmap,3.060498220640575,9.839018382060003,0.0005984290082324646,0.0625
splus-tapt-gram,224_fliptta,cls,10,lp,-0.3131672597864764,-1.087829988155127,0.3378282008671286,0.4375
splus-tapt-gram,224_fliptta,cls,10,labelprop,-29.879003558718857,-53.041593115737406,7.562347090066928e-07,0.0625
splus-tapt-gram,448,cls,1,ptmap,0.8032536858159652,8.25315682295801,0.0011757545024331782,0.0625
splus-tapt-gram,448,cls,1,lp,0.3863751906456535,2.7504836747956705,0.05134890321748388,0.0625
splus-tapt-gram,448,cls,1,labelprop,-6.253177427554652,-17.40788763255725,6.392526260007624e-05,0.0625
splus-tapt-gram,448,cls,3,knn,2.9418742586002353,5.240395046815943,0.0063385543996370055,0.0625
splus-tapt-gram,448,cls,3,ptmap,1.4709371293001154,5.495528615659168,0.005343788065335898,0.0625
splus-tapt-gram,448,cls,3,lp,-3.4638196915776986,-23.111726862334002,2.076924255822907e-05,0.0625
splus-tapt-gram,448,cls,3,labelprop,-17.912218268090154,-36.16053414139067,3.4914104568799994e-06,0.0625
splus-tapt-gram,448,cls,5,knn,8.249110320284691,19.070601195860878,4.454248371915116e-05,0.0625
splus-tapt-gram,448,cls,5,ptmap,2.234875444839851,24.37112650717879,1.6818600838202356e-05,0.0625
splus-tapt-gram,448,cls,5,lp,-3.1886120996441365,-6.967753495640055,0.0022303807903484465,0.0625
splus-tapt-gram,448,cls,5,labelprop,-21.523131672597874,-37.62113695555756,2.981128594103376e-06,0.0625
splus-tapt-gram,448,cls,10,knn,17.423487544483983,22.974018609950818,2.126853918005579e-05,0.0625
splus-tapt-gram,448,cls,10,ptmap,2.7900355871886107,5.2790124487260695,0.0061742742567952365,0.0625
splus-tapt-gram,448,cls,10,lp,-0.882562277580071,-1.9968855418425815,0.11653025104531813,0.1875
splus-tapt-gram,448,cls,10,labelprop,-26.320284697508896,-45.471032059729616,1.3989847911038175e-06,0.0625
splus-tapt-gram,448_fliptta,cls,1,ptmap,0.5541433655312694,2.1806542944472374,0.09467524406708844,0.125
splus-tapt-gram,448_fliptta,cls,1,lp,0.3863751906456564,1.752343308460732,0.15459255428453897,0.0625
splus-tapt-gram,448_fliptta,cls,1,labelprop,-7.178444331469242,-20.929431080573536,3.0799286859079325e-05,0.0625
splus-tapt-gram,448_fliptta,cls,3,knn,4.970344009489923,10.743589743589768,0.0004254779475473018,0.0625
splus-tapt-gram,448_fliptta,cls,3,ptmap,1.5480427046263372,5.282708143148378,0.006158826806355243,0.0625
splus-tapt-gram,448_fliptta,cls,3,lp,-3.890865954922893,-11.964907659598854,0.0002796117569895615,0.0625
splus-tapt-gram,448_fliptta,cls,3,labelprop,-17.046263345195722,-33.134223788559034,4.947792304673415e-06,0.0625
splus-tapt-gram,448_fliptta,cls,5,knn,10.647686832740215,27.12835022127927,1.0978267734710352e-05,0.0625
splus-tapt-gram,448_fliptta,cls,5,ptmap,2.5622775800711795,13.393175972477858,0.00017974056839924066,0.0625
splus-tapt-gram,448_fliptta,cls,5,lp,-3.4377224199288237,-9.676463995102992,0.0006382324522692155,0.0625
splus-tapt-gram,448_fliptta,cls,5,labelprop,-20.412811387900355,-39.40802397280215,2.4771401506540434e-06,0.0625
splus-tapt-gram,448_fliptta,cls,10,knn,20.085409252669038,31.80235668594064,5.827157462715645e-06,0.0625
splus-tapt-gram,448_fliptta,cls,10,ptmap,3.5160142348754477,11.227272727272728,0.00035844886098420893,0.0625
splus-tapt-gram,448_fliptta,cls,10,lp,0.512455516014235,1.6043634641577118,0.1839015391942706,0.3125
splus-tapt-gram,448_fliptta,cls,10,labelprop,-24.056939501779357,-43.85544052109912,1.6164171795257454e-06,0.0625
splus-tapt-nogram,224,cls,1,ptmap,0.19318759532282784,1.4450654059510715,0.22195400379613028,0.3125
splus-tapt-nogram,224,cls,1,lp,0.02033553634977281,0.5743665268942247,0.5964759491083547,0.5807121621890252
splus-tapt-nogram,224,cls,1,labelprop,-6.1769191662430085,-21.428204840232496,2.8049733318180534e-05,0.0625
splus-tapt-nogram,224,cls,3,knn,0.6583629893238395,3.8219098190676757,0.018747572108591008,0.0625
splus-tapt-nogram,224,cls,3,ptmap,0.9430604982206375,2.8832939072081407,0.04486423530500415,0.0625
splus-tapt-nogram,224,cls,3,lp,-2.3250296559905137,-13.573849876863115,0.00017052429280097078,0.0625
splus-tapt-nogram,224,cls,3,labelprop,-19.37722419928826,-103.8845561723312,5.148480374534952e-08,0.0625
splus-tapt-nogram,224,cls,5,knn,3.4163701067615646,16.736833050105787,7.467793913985799e-05,0.0625
splus-tapt-nogram,224,cls,5,ptmap,1.7793594306049827,4.78255445148588,0.008759137601117732,0.0625
splus-tapt-nogram,224,cls,5,lp,-3.0035587188612114,-8.333998933376998,0.0011328193361873045,0.0625
splus-tapt-nogram,224,cls,5,labelprop,-24.476868327402137,-83.07878211985131,1.258262923163031e-07,0.0625
splus-tapt-nogram,224,cls,10,knn,11.601423487544483,17.445381958012323,6.338338120207477e-05,0.0625
splus-tapt-nogram,224,cls,10,ptmap,2.7473309608540917,6.971098662966906,0.002226374666596568,0.0625
splus-tapt-nogram,224,cls,10,lp,-1.338078291814945,-3.04017726855981,0.03839556504018359,0.0625
splus-tapt-nogram,224,cls,10,labelprop,-30.00711743772242,-89.35894283657179,9.402355280967783e-08,0.0625
splus-tapt-nogram,224_fliptta,cls,1,ptmap,0.3304524656837827,3.4498418008228398,0.026058229839728355,0.0625
splus-tapt-nogram,224_fliptta,cls,1,lp,0.13218098627351366,1.5176418540862464,0.203709958260981,0.14412703481601533
splus-tapt-nogram,224_fliptta,cls,1,labelprop,-7.986781901372649,-13.90292707070197,0.0001552007800577532,0.0625
splus-tapt-nogram,224_fliptta,cls,3,knn,2.2597864768683267,22.239290246417383,2.4201157933821224e-05,0.0625
splus-tapt-nogram,224_fliptta,cls,3,ptmap,1.862396204033216,10.490003745062786,0.0004668583014940462,0.0625
splus-tapt-nogram,224_fliptta,cls,3,lp,-2.6453143534994084,-9.957937459367134,0.0005712490662458148,0.0625
splus-tapt-nogram,224_fliptta,cls,3,labelprop,-20.711743772241995,-49.401631195896414,1.0046173653250962e-06,0.0625
splus-tapt-nogram,224_fliptta,cls,5,knn,6.555160142348756,64.56206658913932,3.447841322832201e-07,0.0625
splus-tapt-nogram,224_fliptta,cls,5,ptmap,2.0996441281138774,7.0720836969094325,0.002109508409033273,0.0625
splus-tapt-nogram,224_fliptta,cls,5,lp,-3.0960854092526673,-9.88253591589892,0.0005883001782714155,0.0625
splus-tapt-nogram,224_fliptta,cls,5,labelprop,-25.19572953736655,-78.32893639404156,1.592174197535289e-07,0.0625
splus-tapt-nogram,224_fliptta,cls,10,knn,14.804270462633445,50.00809183077215,9.568266419112125e-07,0.0625
splus-tapt-nogram,224_fliptta,cls,10,ptmap,3.5302491103202867,12.954322101858128,0.00020484886214077177,0.0625
splus-tapt-nogram,224_fliptta,cls,10,lp,-1.252669039145907,-3.7137083304520098,0.020587248213338405,0.0625
splus-tapt-nogram,224_fliptta,cls,10,labelprop,-29.551601423487547,-58.05999351607296,5.269688126550476e-07,0.0625
splus-tapt-nogram,448,cls,1,ptmap,0.3253685815963415,1.6121367099516137,0.18222588818687,0.3125
splus-tapt-nogram,448,cls,1,lp,0.22369089984748455,3.20477097920863,0.032751572224712935,0.0625
splus-tapt-nogram,448,cls,1,labelprop,-6.054905948144382,-14.17104205019084,0.00014396683500602378,0.0625
splus-tapt-nogram,448,cls,3,knn,2.734282325029656,5.2781454037188675,0.006177905227621596,0.0625
splus-tapt-nogram,448,cls,3,ptmap,1.73190984578885,6.781534672438405,0.002468123191821222,0.0625
splus-tapt-nogram,448,cls,3,lp,-3.5172004744958487,-9.505964234751653,0.0006835755040449553,0.0625
splus-tapt-nogram,448,cls,3,labelprop,-18.173190984578888,-37.09921636054841,3.1520393272228053e-06,0.0625
splus-tapt-nogram,448,cls,5,knn,7.409252669039144,25.39024390243886,1.4289133376581101e-05,0.0625
splus-tapt-nogram,448,cls,5,ptmap,2.6263345195729557,9.508540928954913,0.0006828610341973905,0.0625
splus-tapt-nogram,448,cls,5,lp,-3.2526690391459083,-8.543175439142015,0.0010304110813001224,0.0625
splus-tapt-nogram,448,cls,5,labelprop,-22.661921708185055,-35.315702855526744,3.836736334671789e-06,0.0625
splus-tapt-nogram,448,cls,10,knn,16.711743772241995,19.57074432986955,4.019760738463636e-05,0.0625
splus-tapt-nogram,448,cls,10,ptmap,3.0604982206405706,11.065727772081996,0.00037927047990042145,0.0625
splus-tapt-nogram,448,cls,10,lp,-0.5693950177935946,-1.9694638556693274,0.12024334063356396,0.1875
splus-tapt-nogram,448,cls,10,labelprop,-27.01779359430605,-32.31838207054729,5.464946024840353e-06,0.0625
splus-tapt-nogram,448_fliptta,cls,1,ptmap,0.5592272496187078,2.8887415229139077,0.044619278091379784,0.06788915486182899
splus-tapt-nogram,448_fliptta,cls,1,lp,0.13218098627351438,0.5492276837878877,0.6120694302478903,0.8125
splus-tapt-nogram,448_fliptta,cls,1,labelprop,-7.498729028978138,-16.5220091984852,7.858998272403418e-05,0.0625
splus-tapt-nogram,448_fliptta,cls,3,knn,4.205219454329774,10.205929791104417,0.0005193301957246547,0.0625
splus-tapt-nogram,448_fliptta,cls,3,ptmap,1.8920521945432995,4.724759462641242,0.009139384446628214,0.0625
splus-tapt-nogram,448_fliptta,cls,3,lp,-4.306049822064057,-7.632175096334643,0.0015827741278945002,0.0625
splus-tapt-nogram,448_fliptta,cls,3,labelprop,-18.457888493475686,-29.602539842196112,7.754228519061332e-06,0.0625
splus-tapt-nogram,448_fliptta,cls,5,knn,10.000000000000002,47.49766911574316,1.1753840381157448e-06,0.0625
splus-tapt-nogram,448_fliptta,cls,5,ptmap,3.2028469750889696,10.093898773656779,0.0005420257260409993,0.0625
splus-tapt-nogram,448_fliptta,cls,5,lp,-3.4448398576512416,-8.726743196292894,0.0009498383442857334,0.0625
splus-tapt-nogram,448_fliptta,cls,5,labelprop,-21.91459074733096,-91.65557941031368,8.495150018674545e-08,0.0625
splus-tapt-nogram,448_fliptta,cls,10,knn,19.94306049822064,50.29296901117206,9.353590508539001e-07,0.0625
splus-tapt-nogram,448_fliptta,cls,10,ptmap,3.7580071174377236,9.284615319583922,0.0007485725662728137,0.0625
splus-tapt-nogram,448_fliptta,cls,10,lp,0.24199288256227475,0.742648448161877,0.49893952042563233,0.4375
splus-tapt-nogram,448_fliptta,cls,10,labelprop,-25.26690391459075,-62.46361169815335,3.9346054336350254e-07,0.0625
tapt-nogram,224,cls,1,ptmap,0.12709710218606957,1.4874102932718298,0.21111751767735618,0.3125
tapt-nogram,224,cls,1,lp,0.0,0.0,1.0,1.0
tapt-nogram,224,cls,1,labelprop,-4.316217590238944,-21.50573484855429,2.765029401748284e-05,0.0625
tapt-nogram,224,cls,3,knn,1.3345195729537367,7.16001555758161,0.002013857840228304,0.0625
tapt-nogram,224,cls,3,ptmap,1.233689205219457,5.915156979027221,0.004090325503369811,0.0625
tapt-nogram,224,cls,3,lp,-1.6014234875444842,-5.537369462824698,0.0051994254108806886,0.0625
tapt-nogram,224,cls,3,labelprop,-16.47093712930012,-48.66316353605699,1.066911170978839e-06,0.0625
tapt-nogram,224,cls,5,knn,4.220640569395019,13.51046157693359,0.00017368923493629542,0.0625
tapt-nogram,224,cls,5,ptmap,1.5160142348754433,6.648139542497749,0.00265782348634285,0.0625
tapt-nogram,224,cls,5,lp,-2.7829181494661954,-14.874341002561904,0.00011896687086481475,0.0625
tapt-nogram,224,cls,5,labelprop,-23.024911032028474,-74.90914962173125,1.9032506647692704e-07,0.0625
tapt-nogram,224,cls,10,knn,11.871886120996441,67.86995746151437,2.8236616576100406e-07,0.0625
tapt-nogram,224,cls,10,ptmap,3.316725978647689,9.059223969341016,0.0008228245418381045,0.0625
tapt-nogram,224,cls,10,lp,-0.7829181494661868,-1.9917864129353893,0.11721111103333183,0.1875
tapt-nogram,224,cls,10,labelprop,-28.05693950177936,-74.7105621947008,1.9235553839421776e-07,0.0625
tapt-nogram,224_fliptta,cls,1,ptmap,-0.23385866802236918,-1.337130208603981,0.2521550558414128,0.4375
tapt-nogram,224_fliptta,cls,1,lp,-0.07117437722419809,-0.4176779006129364,0.6976287703230246,0.8125
tapt-nogram,224_fliptta,cls,1,labelprop,-7.229283172343673,-16.675835109123454,7.576355862816909e-05,0.0625
tapt-nogram,224_fliptta,cls,3,knn,1.0854092526690393,2.7845786418324012,0.04958587434874002,0.0625
tapt-nogram,224_fliptta,cls,3,ptmap,1.3523131672597857,5.3023255813953165,0.006077614844009185,0.0625
tapt-nogram,224_fliptta,cls,3,lp,-3.7188612099644134,-9.507642361748449,0.000683110085055886,0.0625
tapt-nogram,224_fliptta,cls,3,labelprop,-19.84578884934757,-31.901408205102722,5.755356578926882e-06,0.0625
tapt-nogram,224_fliptta,cls,5,knn,6.370106761565833,30.83458307409269,6.591129471781717e-06,0.0625
tapt-nogram,224_fliptta,cls,5,ptmap,2.3131672597864736,11.618262587801304,0.0003136433649834618,0.0625
tapt-nogram,224_fliptta,cls,5,lp,-3.5658362989323833,-23.52605349275076,1.935271215891684e-05,0.0625
tapt-nogram,224_fliptta,cls,5,labelprop,-23.79359430604982,-49.53815908059565,9.936030218483206e-07,0.0625
tapt-nogram,224_fliptta,cls,10,knn,14.84697508896797,26.124028561000255,1.2757339370843458e-05,0.0625
tapt-nogram,224_fliptta,cls,10,ptmap,3.9145907473309576,13.458741566390868,0.0001763259410438572,0.0625
tapt-nogram,224_fliptta,cls,10,lp,-0.5124555160142336,-3.6273075973911073,0.022212808326999216,0.0625
tapt-nogram,224_fliptta,cls,10,labelprop,-28.512455516014235,-42.49695279751293,1.8328149770655051e-06,0.0625
vitb16-official,224,cls,1,ptmap,3.0350788002033537,10.42168942849276,0.0004788514356880864,0.0625
vitb16-official,224,cls,1,lp,0.7676664972038652,1.4740654391357728,0.21447372703313275,0.3125
vitb16-official,224,cls,1,labelprop,-8.779867819013727,-11.787915329675776,0.0002963801402015328,0.0625
vitb16-official,224,cls,3,knn,-0.142348754448399,-0.6475851926391811,0.5525453291757566,0.625
vitb16-official,224,cls,3,ptmap,2.3962040332147083,6.205478444299167,0.0034305941712394266,0.0625
vitb16-official,224,cls,3,lp,-4.116251482799525,-7.218405041421848,0.0019532908842520647,0.0625
vitb16-official,224,cls,3,labelprop,-22.823250296559905,-53.43156222948069,7.344230571022981e-07,0.0625
vitb16-official,224,cls,5,knn,1.2740213523131687,3.4880794587041115,0.025166662687084278,0.0625
vitb16-official,224,cls,5,ptmap,0.7046263345195782,2.966812389102661,0.04127451517484701,0.0625
vitb16-official,224,cls,5,lp,-5.957295373665477,-9.981630001936308,0.000566018361453661,0.0625
vitb16-official,224,cls,5,labelprop,-28.377224199288253,-41.35104591192348,2.044155379352128e-06,0.0625
vitb16-official,224,cls,10,knn,8.740213523131672,57.0084688203543,5.668960087181504e-07,0.0625
vitb16-official,224,cls,10,ptmap,0.5266903914590756,2.3215864790111893,0.08099561703671578,0.125
vitb16-official,224,cls,10,lp,-6.007117437722424,-11.641656166339981,0.00031118992451687296,0.0625
vitb16-official,224,cls,10,labelprop,-33.693950177935946,-44.40423861330549,1.5381070597496818e-06,0.0625
vitb16-official,224_fliptta,cls,1,ptmap,2.8113879003558737,9.318827764349173,0.0007380404323394712,0.0625
vitb16-official,224_fliptta,cls,1,lp,0.7524148449415364,1.9752656493406027,0.11944708721047304,0.125
vitb16-official,224_fliptta,cls,1,labelprop,-9.211997966446365,-15.93586806852806,9.064264169190223e-05,0.0625
vitb16-official,224_fliptta,cls,3,knn,-0.04744958481612969,-0.1380850499040309,0.8968455598585405,1.0
vitb16-official,224_fliptta,cls,3,ptmap,2.0521945432977517,9.202973942977277,0.0007744687926307936,0.0625
vitb16-official,224_fliptta,cls,3,lp,-5.106761565836296,-8.865929611624148,0.0008939018440864742,0.0625
vitb16-official,224_fliptta,cls,3,labelprop,-23.71293001186239,-42.034171905773626,1.9147160786676197e-06,0.0625
vitb16-official,224_fliptta,cls,5,knn,2.1138790035587207,5.042597444589542,0.007268784593786205,0.0625
vitb16-official,224_fliptta,cls,5,ptmap,1.0320284697508952,3.89621680802835,0.01759771391105469,0.0625
vitb16-official,224_fliptta,cls,5,lp,-6.042704626334517,-12.081202426097402,0.00026923385689220787,0.0625
vitb16-official,224_fliptta,cls,5,labelprop,-29.138790035587185,-38.026590281778915,2.8562887410618285e-06,0.0625
vitb16-official,224_fliptta,cls,10,knn,9.722419928825621,59.56043037890291,4.75887412954569e-07,0.0625
vitb16-official,224_fliptta,cls,10,ptmap,0.6548042704626326,2.136647910494306,0.09946172610351123,0.125
vitb16-official,224_fliptta,cls,10,lp,-5.765124555160137,-9.808279463853745,0.000605714275291381,0.0625
vitb16-official,224_fliptta,cls,10,labelprop,-33.6797153024911,-47.33420239139577,1.1916805791457292e-06,0.0625
vitb16-official,448,cls,1,ptmap,2.6741230299949152,3.9766407552591123,0.016447180437875932,0.0625
vitb16-official,448,cls,1,lp,0.6863243518047781,1.3562874026350573,0.24651306421889835,0.3125
vitb16-official,448,cls,1,labelprop,-10.640569395017792,-17.778834244971772,5.8807592883267716e-05,0.0625
vitb16-official,448,cls,3,knn,0.1423487544484047,0.5251628565082462,0.6272330907449771,0.625
vitb16-official,448,cls,3,ptmap,1.9276393831553988,5.926257841448127,0.004062375357069008,0.0625
vitb16-official,448,cls,3,lp,-4.739027283511267,-35.60795577394478,3.7126417008509643e-06,0.0625
vitb16-official,448,cls,3,labelprop,-24.54922894424673,-32.69001496116299,5.221391824715824e-06,0.0625
vitb16-official,448,cls,5,knn,1.914590747330965,25.24959109015955,1.460851621572363e-05,0.0625
vitb16-official,448,cls,5,ptmap,1.3024911032028499,5.964045218565307,0.003968973338506707,0.0625
vitb16-official,448,cls,5,lp,-6.064056939501773,-9.240422207670775,0.0007624546818083504,0.0625
vitb16-official,448,cls,5,labelprop,-29.30960854092526,-49.21424146039753,1.0199846063654446e-06,0.0625
vitb16-official,448,cls,10,knn,8.854092526690392,12.022831508810972,0.00027438170612738424,0.0625
vitb16-official,448,cls,10,ptmap,0.5978647686832772,1.2004900959975622,0.2961810293361439,0.625
vitb16-official,448,cls,10,lp,-4.911032028469752,-7.7828349002127615,0.001469776567675687,0.0625
vitb16-official,448,cls,10,labelprop,-34.07829181494662,-45.74754293799808,1.365519766167415e-06,0.0625
vitb16-official,448_fliptta,cls,1,ptmap,2.938485002541941,5.41310987700628,0.005642780250180319,0.0625
vitb16-official,448_fliptta,cls,1,lp,0.9761057447890209,2.6783166420396074,0.0553252986434094,0.125
vitb16-official,448_fliptta,cls,1,labelprop,-10.320284697508898,-33.751398138385134,4.596707097060694e-06,0.0625
vitb16-official,448_fliptta,cls,3,knn,-0.13048635824436589,-0.7357900682997146,0.5026741948533702,1.0
vitb16-official,448_fliptta,cls,3,ptmap,2.2360616844602617,7.489245117035951,0.001700062881839644,0.0625
vitb16-official,448_fliptta,cls,3,lp,-5.154211150652431,-15.517857142857117,0.00010066893244154598,0.0625
vitb16-official,448_fliptta,cls,3,labelprop,-24.01542111506524,-34.63594717239025,4.146038878382081e-06,0.0625
vitb16-official,448_fliptta,cls,5,knn,2.142348754448399,11.308280389318446,0.0003485429644407788,0.0625
vitb16-official,448_fliptta,cls,5,ptmap,1.153024911032027,10.946945530071845,0.0003955460462931657,0.0625
vitb16-official,448_fliptta,cls,5,lp,-5.992882562277582,-14.95722311104018,0.0001163898919766711,0.0625
vitb16-official,448_fliptta,cls,5,labelprop,-29.238434163701072,-58.262177642608435,5.196990670299735e-07,0.0625
vitb16-official,448_fliptta,cls,10,knn,9.537366548042709,15.60885529551619,9.837298479751884e-05,0.0625
vitb16-official,448_fliptta,cls,10,ptmap,1.0960854092526688,5.564246176180399,0.005109207798670302,0.0625
vitb16-official,448_fliptta,cls,10,lp,-4.640569395017789,-7.14630520194905,0.0020284140864258978,0.0625
vitb16-official,448_fliptta,cls,10,labelprop,-33.42348754448399,-43.27421413146236,1.7048649488312594e-06,0.0625
vitb16-tapt-gram,224,cls,1,ptmap,0.4270462633451963,2.1790634757218093,0.0948437403944318,0.125
vitb16-tapt-gram,224,cls,1,lp,-0.05592272496187149,-0.5442477655948327,0.6151885656918525,0.8125
vitb16-tapt-gram,224,cls,1,labelprop,-5.460091509913574,-22.25697614011025,2.4124839055054936e-05,0.0625
vitb16-tapt-gram,224,cls,3,knn,1.4887307236061686,6.20557561424856,0.0034303962227967607,0.0625
vitb16-tapt-gram,224,cls,3,ptmap,1.0616844602609745,2.8325408810367665,0.04722321131735324,0.125
vitb16-tapt-gram,224,cls,3,lp,-2.7224199288256203,-6.528229539809888,0.0028438923098516233,0.0625
vitb16-tapt-gram,224,cls,3,labelprop,-19.442467378410438,-47.34345347106118,1.1907507997327676e-06,0.0625
vitb16-tapt-gram,224,cls,5,knn,4.846975088967976,10.956116803216364,0.00039425884273859644,0.0625
vitb16-tapt-gram,224,cls,5,ptmap,2.1352313167259793,11.028219331407037,0.00038431840371242637,0.0625
vitb16-tapt-gram,224,cls,5,lp,-3.2170818505338064,-17.0353909686435,6.963561072496781e-05,0.0625
vitb16-tapt-gram,224,cls,5,labelprop,-24.88256227758007,-34.25887230748932,4.331079375355178e-06,0.0625
vitb16-tapt-gram,224,cls,10,knn,12.170818505338076,22.300132698424694,2.3939865333539608e-05,0.0625
vitb16-tapt-gram,224,cls,10,ptmap,3.1174377224199348,9.833390285965942,0.0005997547239442588,0.0625
vitb16-tapt-gram,224,cls,10,lp,-1.8505338078291842,-3.0514414242846217,0.03797467652181239,0.0625
vitb16-tapt-gram,224,cls,10,labelprop,-31.928825622775804,-39.35087719298247,2.491530088682444e-06,0.0625
vitb16-tapt-gram,224_fliptta,cls,1,ptmap,0.20335536349771388,1.2285902336679169,0.28656602331881337,0.4375
vitb16-tapt-gram,224_fliptta,cls,1,lp,-0.142348754448399,-0.995250883400598,0.37594472560181735,0.4375
vitb16-tapt-gram,224_fliptta,cls,1,labelprop,-8.083375699034061,-23.571728269822955,1.920403849662543e-05,0.0625
vitb16-tapt-gram,224_fliptta,cls,3,knn,3.2384341637010636,7.298839098111999,0.001873493619938703,0.0625
vitb16-tapt-gram,224_fliptta,cls,3,ptmap,1.542111506524313,4.946775539206706,0.00777907286211042,0.0625
vitb16-tapt-gram,224_fliptta,cls,3,lp,-3.76631079478055,-18.644241969591892,4.8717916348523063e-05,0.0625
vitb16-tapt-gram,224_fliptta,cls,3,labelprop,-21.186239620403327,-75.44701789653634,1.8495857424955846e-07,0.0625
vitb16-tapt-gram,224_fliptta,cls,5,knn,8.01423487544484,30.38253862132135,6.9907699774758105e-06,0.0625
vitb16-tapt-gram,224_fliptta,cls,5,ptmap,2.6832740213523136,6.114540878421419,0.0036221655295592308,0.0625
vitb16-tapt-gram,224_fliptta,cls,5,lp,-3.7508896797153013,-16.778845320187077,7.394148658959078e-05,0.0625
vitb16-tapt-gram,224_fliptta,cls,5,labelprop,-25.693950177935942,-55.24503644240125,6.427323168015332e-07,0.0625
vitb16-tapt-gram,224_fliptta,cls,10,knn,14.676156583629886,20.473120409600295,3.361544878295676e-05,0.0625
vitb16-tapt-gram,224_fliptta,cls,10,ptmap,3.47330960854093,12.797867772887912,0.00021484587461148433,0.0625
vitb16-tapt-gram,224_fliptta,cls,10,lp,-1.067615658362989,-1.882367415414471,0.13291711668492123,0.3125
vitb16-tapt-gram,224_fliptta,cls,10,labelprop,-31.772241992882563,-46.62665491672691,1.2655625927726838e-06,0.0625
vitb16-tapt-gram,448,cls,1,ptmap,0.7269954245043216,2.687371793261604,0.054807343982569194,0.125
vitb16-tapt-gram,448,cls,1,lp,0.24402643619725667,0.7449698837300112,0.49768012061280537,0.625
vitb16-tapt-gram,448,cls,1,labelprop,-6.375190645653278,-9.92973401048027,0.0005775541587197598,0.0625
vitb16-tapt-gram,448,cls,3,knn,3.4934756820877793,17.79139564857374,5.864341208298465e-05,0.0625
vitb16-tapt-gram,448,cls,3,ptmap,2.1530249110320225,5.077295526560556,0.00709412443437824,0.0625
vitb16-tapt-gram,448,cls,3,lp,-3.606168446026102,-6.6204388865474755,0.002699442720022374,0.0625
vitb16-tapt-gram,448,cls,3,labelprop,-18.689205219454333,-67.5102352001695,2.884282333447731e-07,0.0625
vitb16-tapt-gram,448,cls,5,knn,7.793594306049821,24.561820349231535,1.6305157404970664e-05,0.0625
vitb16-tapt-gram,448,cls,5,ptmap,2.569395017793596,8.987165037980338,0.00084847270476997,0.0625
vitb16-tapt-gram,448,cls,5,lp,-4.11387900355872,-16.86917291657384,7.238851584370868e-05,0.0625
vitb16-tapt-gram,448,cls,5,labelprop,-23.6797153024911,-47.12634779505822,1.2128122489899912e-06,0.0625
vitb16-tapt-gram,448,cls,10,knn,17.039145907473316,46.278693680669896,1.3039959281253668e-06,0.0625
vitb16-tapt-gram,448,cls,10,ptmap,3.444839857651246,8.872150458791872,0.0008914984543430007,0.0625
vitb16-tapt-gram,448,cls,10,lp,-1.3096085409252638,-3.590628404354439,0.02294895892928428,0.0625
vitb16-tapt-gram,448,cls,10,labelprop,-28.612099644128115,-39.47632128429389,2.4600783743861632e-06,0.0625
vitb16-tapt-gram,448_fliptta,cls,1,ptmap,0.6964921199796642,3.78300068292148,0.019385534860984203,0.0625
vitb16-tapt-gram,448_fliptta,cls,1,lp,0.06609049313675612,0.21491273326359653,0.8403478563986931,1.0
vitb16-tapt-gram,448_fliptta,cls,1,labelprop,-7.742755465175394,-16.097261355837222,8.710670707312525e-05,0.0625
vitb16-tapt-gram,448_fliptta,cls,3,knn,5.551601423487544,13.140806381361116,0.00019367776279222168,0.0625
vitb16-tapt-gram,448_fliptta,cls,3,ptmap,2.639383155397391,8.935815034040342,0.0008673566131249085,0.0625
vitb16-tapt-gram,448_fliptta,cls,3,lp,-4.531435349940691,-16.84929769114502,7.272670658350816e-05,0.0625
vitb16-tapt-gram,448_fliptta,cls,3,labelprop,-19.572953736654803,-39.435502682627096,2.4702578023357765e-06,0.0625
vitb16-tapt-gram,448_fliptta,cls,5,knn,10.74733096085409,22.790018995854947,2.1959300342067173e-05,0.0625
vitb16-tapt-gram,448_fliptta,cls,5,ptmap,3.4519572953736657,11.877056359473707,0.00028778301152659056,0.0625
vitb16-tapt-gram,448_fliptta,cls,5,lp,-3.8007117437722444,-9.801052835547516,0.0006074429793813752,0.0625
vitb16-tapt-gram,448_fliptta,cls,5,labelprop,-23.153024911032027,-103.83383900868138,5.158543640931801e-08,0.0625
vitb16-tapt-gram,448_fliptta,cls,10,knn,19.33096085409253,30.354422359557642,7.016613698806688e-06,0.0625
vitb16-tapt-gram,448_fliptta,cls,10,ptmap,3.857651245551601,10.831338392544204,0.000412228584750153,0.0625
vitb16-tapt-gram,448_fliptta,cls,10,lp,-1.0391459074733078,-2.1871585396487263,0.09398978926478715,0.125
vitb16-tapt-gram,448_fliptta,cls,10,labelprop,-28.44128113879004,-66.08796604539666,3.140502161302676e-07,0.0625
vitb16-tapt-nogram,224,cls,1,ptmap,0.24911032028470004,1.341836403733048,0.2507574170001283,0.3125
vitb16-tapt-nogram,224,cls,1,lp,0.08642602948653107,0.7174209274737106,0.5127793610129753,0.625
vitb16-tapt-nogram,224,cls,1,labelprop,-5.327910523640059,-20.070515703061375,3.637170270914276e-05,0.0625
vitb16-tapt-nogram,224,cls,3,knn,0.6702253855278769,2.1842121551376965,0.09429960851723831,0.1875
vitb16-tapt-nogram,224,cls,3,ptmap,1.4056939501779369,5.507905594195188,0.005300578704001999,0.0625
vitb16-tapt-nogram,224,cls,3,lp,-1.7971530249110343,-6.939436781767728,0.0022646511299241343,0.0625
vitb16-tapt-nogram,224,cls,3,labelprop,-18.41043890865955,-44.69310946195456,1.4987903072952622e-06,0.0625
vitb16-tapt-nogram,224,cls,5,knn,2.82562277580071,4.838765569031343,0.00840760695988248,0.0625
vitb16-tapt-nogram,224,cls,5,ptmap,2.313167259786475,5.858471616657711,0.004236785620936024,0.0625
vitb16-tapt-nogram,224,cls,5,lp,-2.2846975088967993,-14.870037853047558,0.00011910259699061108,0.0625
vitb16-tapt-nogram,224,cls,5,labelprop,-25.01067615658363,-109.04317962012144,4.24144426376921e-08,0.0625
vitb16-tapt-nogram,224,cls,10,knn,8.327402135231313,19.804922545166853,3.83453717363013e-05,0.0625
vitb16-tapt-nogram,224,cls,10,ptmap,2.6619217081850506,13.256078533655877,0.0001871507777370758,0.0625
vitb16-tapt-nogram,224,cls,10,lp,-1.8220640569395001,-5.005196076836979,0.007462960017912018,0.0625
vitb16-tapt-nogram,224,cls,10,labelprop,-33.594306049822066,-40.252295247939294,2.2761653892954574e-06,0.0625
vitb16-tapt-nogram,224_fliptta,cls,1,ptmap,0.6761565836298942,2.660532159653232,0.05635908479528952,0.0625
vitb16-tapt-nogram,224_fliptta,cls,1,lp,0.46771733604473764,3.0769402856170216,0.03704172879379919,0.0625
vitb16-tapt-nogram,224_fliptta,cls,1,labelprop,-8.15455007625826,-13.157711111167751,0.00019270303735441038,0.0625
vitb16-tapt-nogram,224_fliptta,cls,3,knn,2.0699881376037963,6.74655977216106,0.0025162011655247797,0.0625
vitb16-tapt-nogram,224_fliptta,cls,3,ptmap,2.0937129300118626,10.709269309744787,0.00043080378987591213,0.0625
vitb16-tapt-nogram,224_fliptta,cls,3,lp,-2.746144721233688,-11.38448104685354,0.0003395337809448237,0.0625
vitb16-tapt-nogram,224_fliptta,cls,3,labelprop,-21.352313167259787,-48.5976461085236,1.0726681517938184e-06,0.0625
vitb16-tapt-nogram,224_fliptta,cls,5,knn,4.875444839857657,10.834187198754757,0.0004118070960671316,0.0625
vitb16-tapt-nogram,224_fliptta,cls,5,ptmap,2.9395017793594347,16.434760296444434,8.025161720760093e-05,0.0625
vitb16-tapt-nogram,224_fliptta,cls,5,lp,-3.238434163701065,-10.383906819368768,0.00048564897103899567,0.0625
vitb16-tapt-nogram,224_fliptta,cls,5,labelprop,-27.295373665480422,-39.52348267070691,2.4483823425766603e-06,0.0625
vitb16-tapt-nogram,224_fliptta,cls,10,knn,11.601423487544483,21.723680508814027,2.6564842043053003e-05,0.0625
vitb16-tapt-nogram,224_fliptta,cls,10,ptmap,4.113879003558724,21.63110634953184,2.7019277765794354e-05,0.0625
vitb16-tapt-nogram,224_fliptta,cls,10,lp,-1.4946619217081802,-3.109831608235229,0.035877740964093345,0.06788915486182899
vitb16-tapt-nogram,224_fliptta,cls,10,labelprop,-33.85053380782919,-45.15009016239812,1.4391226562806474e-06,0.0625
vitb16-tapt-nogram,448,cls,1,ptmap,1.3573970513472275,6.63571671011868,0.002676389877356897,0.0625
vitb16-tapt-nogram,448,cls,1,lp,0.2592780884595832,1.2034194043666733,0.2951646811396645,0.3125
vitb16-tapt-nogram,448,cls,1,labelprop,-6.431113370615149,-17.68323016910326,6.00761386855129e-05,0.0625
vitb16-tapt-nogram,448,cls,3,knn,2.2064056939501753,12.939619654603803,0.00020576330408860567,0.0625
vitb16-tapt-nogram,448,cls,3,ptmap,2.4021352313167226,12.366772535187124,0.000245712775456867,0.0625
vitb16-tapt-nogram,448,cls,3,lp,-2.0462633451957304,-6.633388909813441,0.00267988661365054,0.0625
vitb16-tapt-nogram,448,cls,3,labelprop,-18.351126927639385,-37.27169850577163,3.0942343675672057e-06,0.0625
vitb16-tapt-nogram,448,cls,5,knn,5.195729537366546,8.633160981440607,0.0009898981655405092,0.0625
vitb16-tapt-nogram,448,cls,5,ptmap,2.7188612099644116,17.928148320522087,5.6892486488488495e-05,0.0625
vitb16-tapt-nogram,448,cls,5,lp,-3.2740213523131674,-16.212869667555548,8.467915085959284e-05,0.0625
vitb16-tapt-nogram,448,cls,5,labelprop,-23.00355871886121,-33.5341166459285,4.716648248048466e-06,0.0625
vitb16-tapt-nogram,448,cls,10,knn,12.88256227758007,14.49159791936034,0.00013183287505504106,0.0625
vitb16-tapt-nogram,448,cls,10,ptmap,3.7295373665480382,8.013319127706646,0.0013155463533946888,0.0625
vitb16-tapt-nogram,448,cls,10,lp,-1.565836298932392,-17.39252713092585,6.414892587821452e-05,0.0625
vitb16-tapt-nogram,448,cls,10,labelprop,-30.419928825622783,-50.917045846781676,8.90394572537896e-07,0.0625
vitb16-tapt-nogram,448_fliptta,cls,1,ptmap,1.037112353838333,4.529420709050567,0.010582014787400312,0.0625
vitb16-tapt-nogram,448_fliptta,cls,1,lp,-0.25927808845958183,-1.8220096620706947,0.14254394528864828,0.06788915486182899
vitb16-tapt-nogram,448_fliptta,cls,1,labelprop,-8.962887646161667,-25.003948194722184,1.5187979952254048e-05,0.0625
vitb16-tapt-nogram,448_fliptta,cls,3,knn,3.9620403321470947,20.79897085339438,3.157333931325362e-05,0.0625
vitb16-tapt-nogram,448_fliptta,cls,3,ptmap,2.6453143534994057,5.946138144542629,0.0040129033482060265,0.0625
vitb16-tapt-nogram,448_fliptta,cls,3,lp,-3.9620403321470947,-11.001941803628451,0.00038790467963796614,0.0625
vitb16-tapt-nogram,448_fliptta,cls,3,labelprop,-19.448398576512453,-48.39358214981825,1.0908496534381555e-06,0.0625
vitb16-tapt-nogram,448_fliptta,cls,5,knn,8.491103202846976,23.805310606247705,1.846562153808196e-05,0.0625
vitb16-tapt-nogram,448_fliptta,cls,5,ptmap,3.5658362989323833,10.29439981305772,0.0005022370335250343,0.0625
vitb16-tapt-nogram,448_fliptta,cls,5,lp,-3.7935943060498216,-21.294461959290533,2.8755863664505467e-05,0.0625
vitb16-tapt-nogram,448_fliptta,cls,5,labelprop,-23.373665480427043,-30.847581759234213,6.580065618969825e-06,0.0625
vitb16-tapt-nogram,448_fliptta,cls,10,knn,16.69750889679715,22.24121354788647,2.4192843834626358e-05,0.0625
vitb16-tapt-nogram,448_fliptta,cls,10,ptmap,4.270462633451954,12.93993278441259,0.0002057437755772781,0.0625
vitb16-tapt-nogram,448_fliptta,cls,10,lp,-1.309608540925271,-4.838755483951568,0.008407668474066113,0.0625
vitb16-tapt-nogram,448_fliptta,cls,10,labelprop,-28.014234875444846,-36.90288315037356,3.219489400588667e-06,0.0625
vitl16-official,224,cls,1,ptmap,3.106253177427555,14.696249563388351,0.00012474906855812078,0.0625
vitl16-official,224,cls,1,lp,0.8998474834773788,2.56778051836352,0.06212442360556581,0.125
vitl16-official,224,cls,1,labelprop,-9.572953736654805,-39.772322144226465,2.3878076179641287e-06,0.0625
vitl16-official,224,cls,3,knn,-0.3024911032028427,-0.8634770764776478,0.4365761354050006,0.625
vitl16-official,224,cls,3,ptmap,1.8030842230130517,6.386216401703843,0.0030854750375029385,0.0625
vitl16-official,224,cls,3,lp,-5.877817319098455,-29.832351381415858,7.518912631265647e-06,0.0625
vitl16-official,224,cls,3,labelprop,-23.339264531435344,-57.079961817007565,5.640640707922437e-07,0.0625
vitl16-official,224,cls,5,knn,3.3807829181494666,12.193524627178356,0.00025966166268989835,0.0625
vitl16-official,224,cls,5,ptmap,1.1387900355871863,3.6071367914558485,0.022614091681810146,0.0625
vitl16-official,224,cls,5,lp,-6.064056939501779,-16.242573331916006,8.406909801570026e-05,0.0625
vitl16-official,224,cls,5,labelprop,-27.13167259786477,-57.622145608890364,5.431528412393248e-07,0.0625
vitl16-official,224,cls,10,knn,11.316725978647685,20.823937275077476,3.14233449255016e-05,0.0625
vitl16-official,224,cls,10,ptmap,0.7971530249110316,1.8579138027378936,0.13673032176735728,0.1875
vitl16-official,224,cls,10,lp,-5.565836298932385,-5.778500406102092,0.004454518251567719,0.0625
vitl16-official,224,cls,10,labelprop,-30.206405693950177,-58.933077277345156,4.964569572549767e-07,0.0625
vitl16-official,224_fliptta,cls,1,ptmap,3.1113370615149982,8.04011344646107,0.0012989439146974386,0.0625
vitl16-official,224_fliptta,cls,1,lp,0.7066598881545552,2.4165691711315835,0.07303359120048482,0.125
vitl16-official,224_fliptta,cls,1,labelprop,-10.030503304524654,-53.2757017881582,7.430450415019221e-07,0.0625
vitl16-official,224_fliptta,cls,3,knn,0.31435349940687873,1.2963512152297367,0.26458787266185657,0.3125
vitl16-official,224_fliptta,cls,3,ptmap,2.1055753262158903,6.735988223990235,0.0025309599275806904,0.0625
vitl16-official,224_fliptta,cls,3,lp,-5.871886120996445,-29.681454884235922,7.672399757049437e-06,0.0625
vitl16-official,224_fliptta,cls,3,labelprop,-23.096085409252673,-281.7599513008631,9.519140284940352e-10,0.0625
vitl16-official,224_fliptta,cls,5,knn,3.8718861209964404,10.718301524851855,0.00042939417635323805,0.0625
vitl16-official,224_fliptta,cls,5,ptmap,1.209964412811388,4.452917404733573,0.011221424091553002,0.0625
vitl16-official,224_fliptta,cls,5,lp,-6.2135231316726,-13.508527176443684,0.00017378696385070248,0.0625
vitl16-official,224_fliptta,cls,5,labelprop,-27.010676156583635,-46.476163199879075,1.2820086987528623e-06,0.0625
vitl16-official,224_fliptta,cls,10,knn,11.24555160142349,20.39771229002566,3.411132013090837e-05,0.0625
vitl16-official,224_fliptta,cls,10,ptmap,0.37010676156583744,0.9005763668015668,0.4187329791105874,0.4652088184521418
vitl16-official,224_fliptta,cls,10,lp,-6.120996441281136,-6.10405159249401,0.0036450987840112438,0.0625
vitl16-official,224_fliptta,cls,10,labelprop,-30.90391459074733,-52.95121951219493,7.614045491901612e-07,0.0625
vitl16-official,448,cls,1,ptmap,3.055414336553126,25.89891785667323,1.3204458110782923e-05,0.0625
vitl16-official,448,cls,1,lp,0.6964921199796634,2.465967942625115,0.06924591901991693,0.0625
vitl16-official,448,cls,1,labelprop,-7.498729028978138,-16.983780209038535,7.047619243713871e-05,0.0625
vitl16-official,448,cls,3,knn,0.6583629893238424,2.335677791577916,0.07975467951560132,0.1875
vitl16-official,448,cls,3,ptmap,1.5183867141162466,3.7608445403147535,0.019760425372709015,0.0625
vitl16-official,448,cls,3,lp,-5.533807829181498,-12.202074344907624,0.0002589505275353592,0.0625
vitl16-official,448,cls,3,labelprop,-21.62514827995255,-81.40502236962404,1.3649277649232682e-07,0.0625
vitl16-official,448,cls,5,knn,5.316725978647684,13.606579949288781,0.00016891821594504098,0.0625
vitl16-official,448,cls,5,ptmap,0.9964412811387845,2.496420330675216,0.06702251705735401,0.125
vitl16-official,448,cls,5,lp,-6.128113879003561,-18.425808504702825,5.104638064305847e-05,0.0625
vitl16-official,448,cls,5,labelprop,-24.775800711743774,-87.68512323971119,1.0140774169848738e-07,0.0625
vitl16-official,448,cls,10,knn,13.338078291814952,29.281250000000007,8.09885195073345e-06,0.0625
vitl16-official,448,cls,10,ptmap,0.41281138790035926,1.3257359305592438,0.2555705243579486,0.3125
vitl16-official,448,cls,10,lp,-6.177935943060487,-9.659960546027346,0.0006424548756068509,0.0625
vitl16-official,448,cls,10,labelprop,-29.323843416370103,-82.4,1.3002177869371883e-07,0.0625
vitl16-official,448_fliptta,cls,1,ptmap,2.9334011184544986,9.889652630006038,0.0005866640530477022,0.0625
vitl16-official,448_fliptta,cls,1,lp,0.3558718861209961,1.0017905117292092,0.37313294278829323,0.625
vitl16-official,448_fliptta,cls,1,labelprop,-8.429079816980172,-59.886433073571006,4.6561889173349947e-07,0.0625
vitl16-official,448_fliptta,cls,3,knn,0.9489916963226577,6.837981490731077,0.0023928931115118923,0.0625
vitl16-official,448_fliptta,cls,3,ptmap,1.41755634638197,3.406127728577102,0.02712385150782678,0.0625
vitl16-official,448_fliptta,cls,3,lp,-5.97864768683274,-14.057743409300882,0.0001485861147130992,0.0625
vitl16-official,448_fliptta,cls,3,labelprop,-21.209964412811388,-49.419425358356754,1.0031732098260465e-06,0.0625
vitl16-official,448_fliptta,cls,5,knn,5.32384341637011,10.716926308134955,0.0004296084293337228,0.0625
vitl16-official,448_fliptta,cls,5,ptmap,1.039145907473305,3.797013938100239,0.01915281834667271,0.0625
vitl16-official,448_fliptta,cls,5,lp,-6.284697508896796,-24.52304770777362,1.640795037441186e-05,0.0625
vitl16-official,448_fliptta,cls,5,labelprop,-24.569395017793596,-78.85266488990733,1.5503160462090226e-07,0.0625
vitl16-official,448_fliptta,cls,10,knn,13.252669039145909,36.98932203692561,3.1895734201320165e-06,0.0625
vitl16-official,448_fliptta,cls,10,ptmap,0.9964412811387902,2.526730064895517,0.0648900478308786,0.0625
vitl16-official,448_fliptta,cls,10,lp,-5.708185053380783,-15.03867494237783,0.00011392481467848003,0.0625
vitl16-official,448_fliptta,cls,10,labelprop,-29.124555160142346,-52.898070686490406,7.644655701749663e-07,0.0625
